,value,value_classification,timestamp
0,58,Greed,2019-03-17
1,56,Greed,2019-03-18
2,56,Greed,2019-03-19
3,55,Greed,2019-03-20
4,62,Greed,2019-03-21
5,56,Greed,2019-03-22
6,50,Neutral,2019-03-23
7,44,Fear,2019-03-24
8,46,Fear,2019-03-25
9,43,Fear,2019-03-26
10,44,Fear,2019-03-27
11,49,Neutral,2019-03-28
12,50,Neutral,2019-03-29
13,57,Greed,2019-03-30
14,56,Greed,2019-03-31
15,62,Greed,2019-04-01
16,60,Greed,2019-04-02
17,71,Greed,2019-04-03
18,61,Greed,2019-04-04
19,59,Greed,2019-04-05
20,65,Greed,2019-04-06
21,69,Greed,2019-04-07
22,65,Greed,2019-04-08
23,64,Greed,2019-04-09
24,62,Greed,2019-04-10
25,65,Greed,2019-04-11
26,42,Fear,2019-04-12
27,62,Greed,2019-04-13
28,51,Neutral,2019-04-14
29,60,Greed,2019-04-15
30,50,Neutral,2019-04-16
31,61,Greed,2019-04-17
32,64,Greed,2019-04-18
33,61,Greed,2019-04-19
34,62,Greed,2019-04-20
35,62,Greed,2019-04-21
36,61,Greed,2019-04-22
37,68,Greed,2019-04-23
38,65,Greed,2019-04-24
39,58,Greed,2019-04-25
40,41,Fear,2019-04-26
41,42,Fear,2019-04-27
42,40,Fear,2019-04-28
43,42,Fear,2019-04-29
44,42,Fear,2019-04-30
45,51,Neutral,2019-05-01
46,50,Neutral,2019-05-02
47,63,Greed,2019-05-03
48,66,Greed,2019-05-04
49,67,Greed,2019-05-05
50,57,Greed,2019-05-06
51,69,Greed,2019-05-07
52,63,Greed,2019-05-08
53,69,Greed,2019-05-09
54,71,Greed,2019-05-10
55,76,Extreme Greed,2019-05-11
56,75,Greed,2019-05-12
57,78,Extreme Greed,2019-05-13
58,78,Extreme Greed,2019-05-14
59,77,Extreme Greed,2019-05-15
60,75,Greed,2019-05-16
61,65,Greed,2019-05-17
62,67,Greed,2019-05-18
63,70,Greed,2019-05-19
64,73,Greed,2019-05-20
65,68,Greed,2019-05-21
66,69,Greed,2019-05-22
67,65,Greed,2019-05-23
68,64,Greed,2019-05-24
69,69,Greed,2019-05-25
70,67,Greed,2019-05-26
71,70,Greed,2019-05-27
72,71,Greed,2019-05-28
73,71,Greed,2019-05-29
74,73,Greed,2019-05-30
75,61,Greed,2019-05-31
76,62,Greed,2019-06-01
77,63,Greed,2019-06-02
78,66,Greed,2019-06-03
79,42,Fear,2019-06-04
80,27,Fear,2019-06-05
81,34,Fear,2019-06-06
82,27,Fear,2019-06-07
83,62,Greed,2019-06-08
84,62,Greed,2019-06-09
85,46,Fear,2019-06-10
86,61,Greed,2019-06-11
87,60,Greed,2019-06-12
88,63,Greed,2019-06-13
89,67,Greed,2019-06-14
90,75,Greed,2019-06-15
91,80,Extreme Greed,2019-06-16
92,84,Extreme Greed,2019-06-17
93,83,Extreme Greed,2019-06-18
94,82,Extreme Greed,2019-06-19
95,81,Extreme Greed,2019-06-20
96,84,Extreme Greed,2019-06-21
97,83,Extreme Greed,2019-06-22
98,84,Extreme Greed,2019-06-23
99,80,Extreme Greed,2019-06-24
100,87,Extreme Greed,2019-06-25
101,95,Extreme Greed,2019-06-26
102,92,Extreme Greed,2019-06-27
103,62,Greed,2019-06-28
104,74,Greed,2019-06-29
105,78,Extreme Greed,2019-06-30
106,65,Greed,2019-07-01
107,63,Greed,2019-07-02
108,79,Extreme Greed,2019-07-03
109,76,Extreme Greed,2019-07-04
110,67,Greed,2019-07-05
111,72,Greed,2019-07-06
112,67,Greed,2019-07-07
113,74,Greed,2019-07-08
114,84,Extreme Greed,2019-07-09
115,83,Extreme Greed,2019-07-10
116,62,Greed,2019-07-11
117,33,Fear,2019-07-12
118,65,Greed,2019-07-13
119,61,Greed,2019-07-14
120,16,Extreme Fear,2019-07-15
121,34,Fear,2019-07-16
122,19,Extreme Fear,2019-07-17
123,40,Fear,2019-07-18
124,42,Fear,2019-07-19
125,34,Fear,2019-07-20
126,42,Fear,2019-07-21
127,42,Fear,2019-07-22
128,40,Fear,2019-07-23
129,20,Extreme Fear,2019-07-24
130,42,Fear,2019-07-25
131,24,Extreme Fear,2019-07-26
132,47,Neutral,2019-07-27
133,16,Extreme Fear,2019-07-28
134,19,Extreme Fear,2019-07-29
135,22,Extreme Fear,2019-07-30
136,31,Fear,2019-07-31
137,57,Greed,2019-08-01
138,61,Greed,2019-08-02
139,61,Greed,2019-08-03
140,62,Greed,2019-08-04
141,64,Greed,2019-08-05
142,66,Greed,2019-08-06
143,45,Fear,2019-08-07
144,61,Greed,2019-08-08
145,60,Greed,2019-08-09
146,59,Greed,2019-08-10
147,45,Fear,2019-08-11
148,48,Neutral,2019-08-12
149,45,Fear,2019-08-13
150,11,Extreme Fear,2019-08-14
151,13,Extreme Fear,2019-08-15
152,31,Fear,2019-08-16
153,20,Extreme Fear,2019-08-17
154,14,Extreme Fear,2019-08-18
155,30,Fear,2019-08-19
156,39,Fear,2019-08-20
157,11,Extreme Fear,2019-08-21
158,5,Extreme Fear,2019-08-22
159,33,Fear,2019-08-23
160,39,Fear,2019-08-24
161,33,Fear,2019-08-25
162,41,Fear,2019-08-26
163,30,Fear,2019-08-27
164,32,Fear,2019-08-28
165,20,Extreme Fear,2019-08-29
166,24,Extreme Fear,2019-08-30
167,20,Extreme Fear,2019-08-31
168,24,Extreme Fear,2019-09-01
169,28,Fear,2019-09-02
170,41,Fear,2019-09-03
171,43,Fear,2019-09-04
172,41,Fear,2019-09-05
173,43,Fear,2019-09-06
174,39,Fear,2019-09-07
175,43,Fear,2019-09-08
176,41,Fear,2019-09-09
177,41,Fear,2019-09-10
178,38,Fear,2019-09-11
179,39,Fear,2019-09-12
180,38,Fear,2019-09-13
181,39,Fear,2019-09-14
182,38,Fear,2019-09-15
183,38,Fear,2019-09-16
184,41,Fear,2019-09-17
185,38,Fear,2019-09-18
186,31,Fear,2019-09-19
187,41,Fear,2019-09-20
188,37,Fear,2019-09-21
189,37,Fear,2019-09-22
190,41,Fear,2019-09-23
191,39,Fear,2019-09-24
192,15,Extreme Fear,2019-09-25
193,12,Extreme Fear,2019-09-26
194,24,Extreme Fear,2019-09-27
195,32,Fear,2019-09-28
196,33,Fear,2019-09-29
197,27,Fear,2019-09-30
198,38,Fear,2019-10-01
199,39,Fear,2019-10-02
200,37,Fear,2019-10-03
201,30,Fear,2019-10-04
202,31,Fear,2019-10-05
203,32,Fear,2019-10-06
204,27,Fear,2019-10-07
205,39,Fear,2019-10-08
206,37,Fear,2019-10-09
207,41,Fear,2019-10-10
208,39,Fear,2019-10-11
209,38,Fear,2019-10-12
210,38,Fear,2019-10-13
211,37,Fear,2019-10-14
212,39,Fear,2019-10-15
213,40,Fear,2019-10-16
214,40,Fear,2019-10-17
215,40,Fear,2019-10-18
216,41,Fear,2019-10-19
217,37,Fear,2019-10-20
218,37,Fear,2019-10-21
219,39,Fear,2019-10-22
220,33,Fear,2019-10-23
221,20,Extreme Fear,2019-10-24
222,24,Extreme Fear,2019-10-25
223,53,Neutral,2019-10-26
224,50,Neutral,2019-10-27
225,52,Neutral,2019-10-28
226,54,Neutral,2019-10-29
227,53,Neutral,2019-10-30
228,50,Neutral,2019-10-31
229,49,Neutral,2019-11-01
230,51,Neutral,2019-11-02
231,56,Greed,2019-11-03
232,49,Neutral,2019-11-04
233,54,Neutral,2019-11-05
234,53,Neutral,2019-11-06
235,54,Neutral,2019-11-07
236,42,Fear,2019-11-08
237,38,Fear,2019-11-09
238,39,Fear,2019-11-10
239,40,Fear,2019-11-11
240,39,Fear,2019-11-12
241,38,Fear,2019-11-13
242,41,Fear,2019-11-14
243,38,Fear,2019-11-15
244,41,Fear,2019-11-16
245,38,Fear,2019-11-17
246,38,Fear,2019-11-18
247,32,Fear,2019-11-19
248,32,Fear,2019-11-20
249,30,Fear,2019-11-21
250,20,Extreme Fear,2019-11-22
251,23,Extreme Fear,2019-11-23
252,21,Extreme Fear,2019-11-24
253,17,Extreme Fear,2019-11-25
254,21,Extreme Fear,2019-11-26
255,20,Extreme Fear,2019-11-27
256,32,Fear,2019-11-28
257,31,Fear,2019-11-29
258,38,Fear,2019-11-30
259,25,Extreme Fear,2019-12-01
260,28,Fear,2019-12-02
261,28,Fear,2019-12-03
262,24,Extreme Fear,2019-12-04
263,21,Extreme Fear,2019-12-05
264,29,Fear,2019-12-06
265,32,Fear,2019-12-07
266,28,Fear,2019-12-08
267,32,Fear,2019-12-09
268,26,Fear,2019-12-10
269,20,Extreme Fear,2019-12-11
270,23,Extreme Fear,2019-12-12
271,22,Extreme Fear,2019-12-13
272,27,Fear,2019-12-14
273,21,Extreme Fear,2019-12-15
274,24,Extreme Fear,2019-12-16
275,23,Extreme Fear,2019-12-17
276,15,Extreme Fear,2019-12-18
277,21,Extreme Fear,2019-12-19
278,23,Extreme Fear,2019-12-20
279,23,Extreme Fear,2019-12-21
280,20,Extreme Fear,2019-12-22
281,33,Fear,2019-12-23
282,25,Extreme Fear,2019-12-24
283,22,Extreme Fear,2019-12-25
284,39,Fear,2019-12-26
285,38,Fear,2019-12-27
286,37,Fear,2019-12-28
287,37,Fear,2019-12-29
288,40,Fear,2019-12-30
289,38,Fear,2019-12-31
290,37,Fear,2020-01-01
291,39,Fear,2020-01-02
292,38,Fear,2020-01-03
293,38,Fear,2020-01-04
294,39,Fear,2020-01-05
295,41,Fear,2020-01-06
296,40,Fear,2020-01-07
297,51,Neutral,2020-01-08
298,44,Fear,2020-01-09
299,41,Fear,2020-01-10
300,50,Neutral,2020-01-11
301,45,Fear,2020-01-12
302,49,Neutral,2020-01-13
303,56,Greed,2020-01-14
304,54,Neutral,2020-01-15
305,55,Greed,2020-01-16
306,54,Neutral,2020-01-17
307,51,Neutral,2020-01-18
308,53,Neutral,2020-01-19
309,48,Neutral,2020-01-20
310,49,Neutral,2020-01-21
311,52,Neutral,2020-01-22
312,49,Neutral,2020-01-23
313,40,Fear,2020-01-24
314,41,Fear,2020-01-25
315,42,Fear,2020-01-26
316,50,Neutral,2020-01-27
317,54,Neutral,2020-01-28
318,57,Greed,2020-01-29
319,57,Greed,2020-01-30
320,55,Greed,2020-01-31
321,57,Greed,2020-02-01
322,57,Greed,2020-02-02
323,59,Greed,2020-02-03
324,56,Greed,2020-02-04
325,53,Neutral,2020-02-05
326,61,Greed,2020-02-06
327,56,Greed,2020-02-07
328,56,Greed,2020-02-08
329,56,Greed,2020-02-09
330,57,Greed,2020-02-10
331,52,Neutral,2020-02-11
332,61,Greed,2020-02-12
333,65,Greed,2020-02-13
334,63,Greed,2020-02-14
335,64,Greed,2020-02-15
336,59,Greed,2020-02-16
337,49,Neutral,2020-02-17
338,53,Neutral,2020-02-18
339,50,Neutral,2020-02-19
340,44,Fear,2020-02-20
341,44,Fear,2020-02-21
342,43,Fear,2020-02-22
343,46,Fear,2020-02-23
344,46,Fear,2020-02-24
345,44,Fear,2020-02-25
346,41,Fear,2020-02-26
347,39,Fear,2020-02-27
348,40,Fear,2020-02-28
349,38,Fear,2020-02-29
350,39,Fear,2020-03-01
351,38,Fear,2020-03-02
352,38,Fear,2020-03-03
353,40,Fear,2020-03-04
354,41,Fear,2020-03-05
355,39,Fear,2020-03-06
356,38,Fear,2020-03-07
357,33,Fear,2020-03-08
358,17,Extreme Fear,2020-03-09
359,16,Extreme Fear,2020-03-10
360,17,Extreme Fear,2020-03-11
361,14,Extreme Fear,2020-03-12
362,10,Extreme Fear,2020-03-13
363,8,Extreme Fear,2020-03-14
364,12,Extreme Fear,2020-03-15
365,9,Extreme Fear,2020-03-16
366,8,Extreme Fear,2020-03-17
367,11,Extreme Fear,2020-03-18
368,12,Extreme Fear,2020-03-19
369,9,Extreme Fear,2020-03-20
370,9,Extreme Fear,2020-03-21
371,11,Extreme Fear,2020-03-22
372,10,Extreme Fear,2020-03-23
373,12,Extreme Fear,2020-03-24
374,13,Extreme Fear,2020-03-25
375,14,Extreme Fear,2020-03-26
376,12,Extreme Fear,2020-03-27
377,8,Extreme Fear,2020-03-28
378,12,Extreme Fear,2020-03-29
379,10,Extreme Fear,2020-03-30
380,12,Extreme Fear,2020-03-31
381,12,Extreme Fear,2020-04-01
382,14,Extreme Fear,2020-04-02
383,14,Extreme Fear,2020-04-03
384,12,Extreme Fear,2020-04-04
385,12,Extreme Fear,2020-04-05
386,12,Extreme Fear,2020-04-06
387,20,Extreme Fear,2020-04-07
388,21,Extreme Fear,2020-04-08
389,22,Extreme Fear,2020-04-09
390,15,Extreme Fear,2020-04-10
391,15,Extreme Fear,2020-04-11
392,10,Extreme Fear,2020-04-12
393,11,Extreme Fear,2020-04-13
394,15,Extreme Fear,2020-04-14
395,18,Extreme Fear,2020-04-15
396,13,Extreme Fear,2020-04-16
397,15,Extreme Fear,2020-04-17
398,18,Extreme Fear,2020-04-18
399,16,Extreme Fear,2020-04-19
400,15,Extreme Fear,2020-04-20
401,17,Extreme Fear,2020-04-21
402,19,Extreme Fear,2020-04-22
403,19,Extreme Fear,2020-04-23
404,20,Extreme Fear,2020-04-24
405,24,Extreme Fear,2020-04-25
406,21,Extreme Fear,2020-04-26
407,28,Fear,2020-04-27
408,26,Fear,2020-04-28
409,26,Fear,2020-04-29
410,44,Fear,2020-04-30
411,40,Fear,2020-05-01
412,40,Fear,2020-05-02
413,45,Fear,2020-05-03
414,44,Fear,2020-05-04
415,40,Fear,2020-05-05
416,42,Fear,2020-05-06
417,49,Neutral,2020-05-07
418,55,Greed,2020-05-08
419,56,Greed,2020-05-09
420,48,Neutral,2020-05-10
421,40,Fear,2020-05-11
422,39,Fear,2020-05-12
423,41,Fear,2020-05-13
424,40,Fear,2020-05-14
425,44,Fear,2020-05-15
426,41,Fear,2020-05-16
427,40,Fear,2020-05-17
428,50,Neutral,2020-05-18
429,50,Neutral,2020-05-19
430,52,Neutral,2020-05-20
431,49,Neutral,2020-05-21
432,42,Fear,2020-05-22
433,40,Fear,2020-05-23
434,43,Fear,2020-05-24
435,41,Fear,2020-05-25
436,39,Fear,2020-05-26
437,39,Fear,2020-05-27
438,41,Fear,2020-05-28
439,48,Neutral,2020-05-29
440,48,Neutral,2020-05-30
441,51,Neutral,2020-05-31
442,50,Neutral,2020-06-01
443,56,Greed,2020-06-02
444,48,Neutral,2020-06-03
445,54,Neutral,2020-06-04
446,53,Neutral,2020-06-05
447,54,Neutral,2020-06-06
448,54,Neutral,2020-06-07
449,53,Neutral,2020-06-08
450,52,Neutral,2020-06-09
451,54,Neutral,2020-06-10
452,52,Neutral,2020-06-11
453,38,Fear,2020-06-12
454,38,Fear,2020-06-13
455,40,Fear,2020-06-14
456,37,Fear,2020-06-15
457,39,Fear,2020-06-16
458,38,Fear,2020-06-17
459,40,Fear,2020-06-18
460,39,Fear,2020-06-19
461,38,Fear,2020-06-20
462,37,Fear,2020-06-21
463,38,Fear,2020-06-22
464,41,Fear,2020-06-23
465,50,Neutral,2020-06-24
466,43,Fear,2020-06-25
467,40,Fear,2020-06-26
468,43,Fear,2020-06-27
469,40,Fear,2020-06-28
470,41,Fear,2020-06-29
471,44,Fear,2020-06-30
472,42,Fear,2020-07-01
473,42,Fear,2020-07-02
474,41,Fear,2020-07-03
475,40,Fear,2020-07-04
476,38,Fear,2020-07-05
477,40,Fear,2020-07-06
478,43,Fear,2020-07-07
479,44,Fear,2020-07-08
480,44,Fear,2020-07-09
481,41,Fear,2020-07-10
482,44,Fear,2020-07-11
483,41,Fear,2020-07-12
484,43,Fear,2020-07-13
485,43,Fear,2020-07-14
486,44,Fear,2020-07-15
487,43,Fear,2020-07-16
488,41,Fear,2020-07-17
489,44,Fear,2020-07-18
490,41,Fear,2020-07-19
491,44,Fear,2020-07-20
492,44,Fear,2020-07-21
493,50,Neutral,2020-07-22
494,55,Greed,2020-07-23
495,53,Neutral,2020-07-24
496,55,Greed,2020-07-25
497,55,Greed,2020-07-26
498,58,Greed,2020-07-27
499,76,Extreme Greed,2020-07-28
500,71,Greed,2020-07-29
501,76,Extreme Greed,2020-07-30
502,75,Greed,2020-07-31
503,75,Greed,2020-08-01
504,80,Extreme Greed,2020-08-02
505,75,Greed,2020-08-03
506,72,Greed,2020-08-04
507,75,Greed,2020-08-05
508,79,Extreme Greed,2020-08-06
509,77,Extreme Greed,2020-08-07
510,77,Extreme Greed,2020-08-08
511,79,Extreme Greed,2020-08-09
512,78,Extreme Greed,2020-08-10
513,84,Extreme Greed,2020-08-11
514,75,Greed,2020-08-12
515,75,Greed,2020-08-13
516,78,Extreme Greed,2020-08-14
517,79,Extreme Greed,2020-08-15
518,82,Extreme Greed,2020-08-16
519,83,Extreme Greed,2020-08-17
520,82,Extreme Greed,2020-08-18
521,80,Extreme Greed,2020-08-19
522,75,Greed,2020-08-20
523,81,Extreme Greed,2020-08-21
524,78,Extreme Greed,2020-08-22
525,76,Extreme Greed,2020-08-23
526,78,Extreme Greed,2020-08-24
527,75,Greed,2020-08-25
528,76,Extreme Greed,2020-08-26
529,75,Greed,2020-08-27
530,74,Greed,2020-08-28
531,79,Extreme Greed,2020-08-29
532,75,Greed,2020-08-30
533,75,Greed,2020-08-31
534,75,Greed,2020-09-01
535,83,Extreme Greed,2020-09-02
536,79,Extreme Greed,2020-09-03
537,40,Fear,2020-09-04
538,41,Fear,2020-09-05
539,41,Fear,2020-09-06
540,41,Fear,2020-09-07
541,41,Fear,2020-09-08
542,38,Fear,2020-09-09
543,38,Fear,2020-09-10
544,41,Fear,2020-09-11
545,41,Fear,2020-09-12
546,38,Fear,2020-09-13
547,39,Fear,2020-09-14
548,47,Neutral,2020-09-15
549,43,Fear,2020-09-16
550,48,Neutral,2020-09-17
551,49,Neutral,2020-09-18
552,48,Neutral,2020-09-19
553,52,Neutral,2020-09-20
554,48,Neutral,2020-09-21
555,39,Fear,2020-09-22
556,43,Fear,2020-09-23
557,39,Fear,2020-09-24
558,46,Fear,2020-09-25
559,45,Fear,2020-09-26
560,47,Neutral,2020-09-27
561,43,Fear,2020-09-28
562,45,Fear,2020-09-29
563,49,Neutral,2020-09-30
564,45,Fear,2020-10-01
565,41,Fear,2020-10-02
566,40,Fear,2020-10-03
567,42,Fear,2020-10-04
568,42,Fear,2020-10-05
569,47,Neutral,2020-10-06
570,43,Fear,2020-10-07
571,46,Fear,2020-10-08
572,48,Neutral,2020-10-09
573,53,Neutral,2020-10-10
574,55,Greed,2020-10-11
575,52,Neutral,2020-10-12
576,56,Greed,2020-10-13
577,53,Neutral,2020-10-14
578,56,Greed,2020-10-15
579,52,Neutral,2020-10-16
580,56,Greed,2020-10-17
581,55,Greed,2020-10-18
582,55,Greed,2020-10-19
583,56,Greed,2020-10-20
584,61,Greed,2020-10-21
585,73,Greed,2020-10-22
586,74,Greed,2020-10-23
587,73,Greed,2020-10-24
588,76,Extreme Greed,2020-10-25
589,75,Greed,2020-10-26
590,61,Greed,2020-10-27
591,70,Greed,2020-10-28
592,67,Greed,2020-10-29
593,74,Greed,2020-10-30
594,73,Greed,2020-10-31
595,72,Greed,2020-11-01
596,71,Greed,2020-11-02
597,71,Greed,2020-11-03
598,74,Greed,2020-11-04
599,72,Greed,2020-11-05
600,90,Extreme Greed,2020-11-06
601,88,Extreme Greed,2020-11-07
602,82,Extreme Greed,2020-11-08
603,90,Extreme Greed,2020-11-09
604,90,Extreme Greed,2020-11-10
605,86,Extreme Greed,2020-11-11
606,87,Extreme Greed,2020-11-12
607,89,Extreme Greed,2020-11-13
608,90,Extreme Greed,2020-11-14
609,86,Extreme Greed,2020-11-15
610,90,Extreme Greed,2020-11-16
611,86,Extreme Greed,2020-11-17
612,91,Extreme Greed,2020-11-18
613,94,Extreme Greed,2020-11-19
614,86,Extreme Greed,2020-11-20
615,91,Extreme Greed,2020-11-21
616,94,Extreme Greed,2020-11-22
617,90,Extreme Greed,2020-11-23
618,88,Extreme Greed,2020-11-24
619,94,Extreme Greed,2020-11-25
620,93,Extreme Greed,2020-11-26
621,86,Extreme Greed,2020-11-27
622,87,Extreme Greed,2020-11-28
623,89,Extreme Greed,2020-11-29
624,88,Extreme Greed,2020-11-30
625,95,Extreme Greed,2020-12-01
626,92,Extreme Greed,2020-12-02
627,92,Extreme Greed,2020-12-03
628,92,Extreme Greed,2020-12-04
629,93,Extreme Greed,2020-12-05
630,95,Extreme Greed,2020-12-06
631,94,Extreme Greed,2020-12-07
632,95,Extreme Greed,2020-12-08
633,86,Extreme Greed,2020-12-09
634,94,Extreme Greed,2020-12-10
635,89,Extreme Greed,2020-12-11
636,90,Extreme Greed,2020-12-12
637,91,Extreme Greed,2020-12-13
638,95,Extreme Greed,2020-12-14
639,91,Extreme Greed,2020-12-15
640,92,Extreme Greed,2020-12-16
641,92,Extreme Greed,2020-12-17
642,95,Extreme Greed,2020-12-18
643,93,Extreme Greed,2020-12-19
644,92,Extreme Greed,2020-12-20
645,92,Extreme Greed,2020-12-21
646,88,Extreme Greed,2020-12-22
647,93,Extreme Greed,2020-12-23
648,86,Extreme Greed,2020-12-24
649,94,Extreme Greed,2020-12-25
650,93,Extreme Greed,2020-12-26
651,91,Extreme Greed,2020-12-27
652,92,Extreme Greed,2020-12-28
653,91,Extreme Greed,2020-12-29
654,91,Extreme Greed,2020-12-30
655,95,Extreme Greed,2020-12-31
656,94,Extreme Greed,2021-01-01
657,94,Extreme Greed,2021-01-02
658,93,Extreme Greed,2021-01-03
659,94,Extreme Greed,2021-01-04
660,93,Extreme Greed,2021-01-05
661,95,Extreme Greed,2021-01-06
662,91,Extreme Greed,2021-01-07
663,93,Extreme Greed,2021-01-08
664,93,Extreme Greed,2021-01-09
665,94,Extreme Greed,2021-01-10
666,90,Extreme Greed,2021-01-11
667,84,Extreme Greed,2021-01-12
668,78,Extreme Greed,2021-01-13
669,83,Extreme Greed,2021-01-14
670,88,Extreme Greed,2021-01-15
671,84,Extreme Greed,2021-01-16
672,79,Extreme Greed,2021-01-17
673,79,Extreme Greed,2021-01-18
674,80,Extreme Greed,2021-01-19
675,78,Extreme Greed,2021-01-20
676,75,Greed,2021-01-21
677,40,Fear,2021-01-22
678,74,Greed,2021-01-23
679,70,Greed,2021-01-24
680,74,Greed,2021-01-25
681,71,Greed,2021-01-26
682,78,Extreme Greed,2021-01-27
683,55,Greed,2021-01-28
684,77,Extreme Greed,2021-01-29
685,76,Extreme Greed,2021-01-30
686,78,Extreme Greed,2021-01-31
687,77,Extreme Greed,2021-02-01
688,76,Extreme Greed,2021-02-02
689,78,Extreme Greed,2021-02-03
690,80,Extreme Greed,2021-02-04
691,81,Extreme Greed,2021-02-05
692,84,Extreme Greed,2021-02-06
693,86,Extreme Greed,2021-02-07
694,83,Extreme Greed,2021-02-08
695,95,Extreme Greed,2021-02-09
696,92,Extreme Greed,2021-02-10
697,93,Extreme Greed,2021-02-11
698,92,Extreme Greed,2021-02-12
699,92,Extreme Greed,2021-02-13
700,95,Extreme Greed,2021-02-14
701,93,Extreme Greed,2021-02-15
702,95,Extreme Greed,2021-02-16
703,95,Extreme Greed,2021-02-17
704,91,Extreme Greed,2021-02-18
705,93,Extreme Greed,2021-02-19
706,91,Extreme Greed,2021-02-20
707,91,Extreme Greed,2021-02-21
708,94,Extreme Greed,2021-02-22
709,94,Extreme Greed,2021-02-23
710,76,Extreme Greed,2021-02-24
711,79,Extreme Greed,2021-02-25
712,55,Greed,2021-02-26
713,56,Greed,2021-02-27
714,55,Greed,2021-02-28
715,38,Fear,2021-03-01
716,78,Extreme Greed,2021-03-02
717,78,Extreme Greed,2021-03-03
718,84,Extreme Greed,2021-03-04
719,77,Extreme Greed,2021-03-05
720,77,Extreme Greed,2021-03-06
721,76,Extreme Greed,2021-03-07
722,81,Extreme Greed,2021-03-08
723,81,Extreme Greed,2021-03-09
724,68,Greed,2021-03-10
725,73,Greed,2021-03-11
726,70,Greed,2021-03-12
727,74,Greed,2021-03-13
728,78,Extreme Greed,2021-03-14
729,76,Extreme Greed,2021-03-15
730,71,Greed,2021-03-16
731,71,Greed,2021-03-17
732,72,Greed,2021-03-18
733,71,Greed,2021-03-19
734,75,Greed,2021-03-20
735,73,Greed,2021-03-21
736,70,Greed,2021-03-22
737,66,Greed,2021-03-23
738,65,Greed,2021-03-24
739,60,Greed,2021-03-25
740,54,Neutral,2021-03-26
741,65,Greed,2021-03-27
742,74,Greed,2021-03-28
743,72,Greed,2021-03-29
744,72,Greed,2021-03-30
745,76,Extreme Greed,2021-03-31
746,74,Greed,2021-04-01
747,74,Greed,2021-04-02
748,73,Greed,2021-04-03
749,74,Greed,2021-04-04
750,71,Greed,2021-04-05
751,75,Greed,2021-04-06
752,72,Greed,2021-04-07
753,73,Greed,2021-04-08
754,70,Greed,2021-04-09
755,70,Greed,2021-04-10
756,76,Extreme Greed,2021-04-11
757,74,Greed,2021-04-12
758,74,Greed,2021-04-13
759,75,Greed,2021-04-14
760,79,Extreme Greed,2021-04-15
761,78,Extreme Greed,2021-04-16
762,76,Extreme Greed,2021-04-17
763,79,Extreme Greed,2021-04-18
764,74,Greed,2021-04-19
765,73,Greed,2021-04-20
766,73,Greed,2021-04-21
767,65,Greed,2021-04-22
768,55,Greed,2021-04-23
769,37,Fear,2021-04-24
770,31,Fear,2021-04-25
771,27,Fear,2021-04-26
772,50,Neutral,2021-04-27
773,59,Greed,2021-04-28
774,52,Neutral,2021-04-29
775,51,Neutral,2021-04-30
776,68,Greed,2021-05-01
777,66,Greed,2021-05-02
778,61,Greed,2021-05-03
779,68,Greed,2021-05-04
780,48,Neutral,2021-05-05
781,65,Greed,2021-05-06
782,64,Greed,2021-05-07
783,67,Greed,2021-05-08
784,73,Greed,2021-05-09
785,72,Greed,2021-05-10
786,61,Greed,2021-05-11
787,68,Greed,2021-05-12
788,31,Fear,2021-05-13
789,26,Fear,2021-05-14
790,27,Fear,2021-05-15
791,20,Extreme Fear,2021-05-16
792,27,Fear,2021-05-17
793,21,Extreme Fear,2021-05-18
794,23,Extreme Fear,2021-05-19
795,11,Extreme Fear,2021-05-20
796,19,Extreme Fear,2021-05-21
797,12,Extreme Fear,2021-05-22
798,14,Extreme Fear,2021-05-23
799,10,Extreme Fear,2021-05-24
800,22,Extreme Fear,2021-05-25
801,22,Extreme Fear,2021-05-26
802,27,Fear,2021-05-27
803,21,Extreme Fear,2021-05-28
804,18,Extreme Fear,2021-05-29
805,10,Extreme Fear,2021-05-30
806,18,Extreme Fear,2021-05-31
807,20,Extreme Fear,2021-06-01
808,23,Extreme Fear,2021-06-02
809,24,Extreme Fear,2021-06-03
810,27,Fear,2021-06-04
811,24,Extreme Fear,2021-06-05
812,17,Extreme Fear,2021-06-06
813,15,Extreme Fear,2021-06-07
814,13,Extreme Fear,2021-06-08
815,14,Extreme Fear,2021-06-09
816,21,Extreme Fear,2021-06-10
817,21,Extreme Fear,2021-06-11
818,28,Fear,2021-06-12
819,23,Extreme Fear,2021-06-13
820,28,Fear,2021-06-14
821,38,Fear,2021-06-15
822,33,Fear,2021-06-16
823,26,Fear,2021-06-17
824,25,Extreme Fear,2021-06-18
825,23,Extreme Fear,2021-06-19
826,21,Extreme Fear,2021-06-20
827,23,Extreme Fear,2021-06-21
828,10,Extreme Fear,2021-06-22
829,14,Extreme Fear,2021-06-23
830,22,Extreme Fear,2021-06-24
831,27,Fear,2021-06-25
832,20,Extreme Fear,2021-06-26
833,22,Extreme Fear,2021-06-27
834,25,Extreme Fear,2021-06-28
835,25,Extreme Fear,2021-06-29
836,28,Fear,2021-06-30
837,28,Fear,2021-07-01
838,21,Extreme Fear,2021-07-02
839,24,Extreme Fear,2021-07-03
840,27,Fear,2021-07-04
841,29,Fear,2021-07-05
842,20,Extreme Fear,2021-07-06
843,28,Fear,2021-07-07
844,20,Extreme Fear,2021-07-08
845,20,Extreme Fear,2021-07-09
846,20,Extreme Fear,2021-07-10
847,20,Extreme Fear,2021-07-11
848,25,Extreme Fear,2021-07-12
849,20,Extreme Fear,2021-07-13
850,21,Extreme Fear,2021-07-14
851,20,Extreme Fear,2021-07-15
852,22,Extreme Fear,2021-07-16
853,15,Extreme Fear,2021-07-17
854,19,Extreme Fear,2021-07-18
855,24,Extreme Fear,2021-07-19
856,19,Extreme Fear,2021-07-20
857,10,Extreme Fear,2021-07-21
858,21,Extreme Fear,2021-07-22
859,23,Extreme Fear,2021-07-23
860,22,Extreme Fear,2021-07-24
861,27,Fear,2021-07-25
862,26,Fear,2021-07-26
863,32,Fear,2021-07-27
864,50,Neutral,2021-07-28
865,50,Neutral,2021-07-29
866,53,Neutral,2021-07-30
867,60,Greed,2021-07-31
868,60,Greed,2021-08-01
869,48,Neutral,2021-08-02
870,48,Neutral,2021-08-03
871,42,Fear,2021-08-04
872,50,Neutral,2021-08-05
873,52,Neutral,2021-08-06
874,69,Greed,2021-08-07
875,74,Greed,2021-08-08
876,65,Greed,2021-08-09
877,71,Greed,2021-08-10
878,70,Greed,2021-08-11
879,70,Greed,2021-08-12
880,70,Greed,2021-08-13
881,76,Extreme Greed,2021-08-14
882,71,Greed,2021-08-15
883,72,Greed,2021-08-16
884,72,Greed,2021-08-17
885,73,Greed,2021-08-18
886,70,Greed,2021-08-19
887,70,Greed,2021-08-20
888,78,Extreme Greed,2021-08-21
889,76,Extreme Greed,2021-08-22
890,79,Extreme Greed,2021-08-23
891,79,Extreme Greed,2021-08-24
892,73,Greed,2021-08-25
893,75,Greed,2021-08-26
894,71,Greed,2021-08-27
895,78,Extreme Greed,2021-08-28
896,72,Greed,2021-08-29
897,73,Greed,2021-08-30
898,73,Greed,2021-08-31
899,71,Greed,2021-09-01
900,74,Greed,2021-09-02
901,74,Greed,2021-09-03
902,72,Greed,2021-09-04
903,73,Greed,2021-09-05
904,79,Extreme Greed,2021-09-06
905,79,Extreme Greed,2021-09-07
906,47,Neutral,2021-09-08
907,45,Fear,2021-09-09
908,46,Fear,2021-09-10
909,31,Fear,2021-09-11
910,32,Fear,2021-09-12
911,44,Fear,2021-09-13
912,30,Fear,2021-09-14
913,49,Neutral,2021-09-15
914,53,Neutral,2021-09-16
915,48,Neutral,2021-09-17
916,50,Neutral,2021-09-18
917,53,Neutral,2021-09-19
918,50,Neutral,2021-09-20
919,27,Fear,2021-09-21
920,21,Extreme Fear,2021-09-22
921,27,Fear,2021-09-23
922,33,Fear,2021-09-24
923,28,Fear,2021-09-25
924,27,Fear,2021-09-26
925,26,Fear,2021-09-27
926,25,Extreme Fear,2021-09-28
927,24,Extreme Fear,2021-09-29
928,20,Extreme Fear,2021-09-30
929,27,Fear,2021-10-01
930,54,Neutral,2021-10-02
931,49,Neutral,2021-10-03
932,54,Neutral,2021-10-04
933,59,Greed,2021-10-05
934,68,Greed,2021-10-06
935,76,Extreme Greed,2021-10-07
936,74,Greed,2021-10-08
937,72,Greed,2021-10-09
938,71,Greed,2021-10-10
939,71,Greed,2021-10-11
940,78,Extreme Greed,2021-10-12
941,70,Greed,2021-10-13
942,70,Greed,2021-10-14
943,71,Greed,2021-10-15
944,78,Extreme Greed,2021-10-16
945,79,Extreme Greed,2021-10-17
946,78,Extreme Greed,2021-10-18
947,75,Greed,2021-10-19
948,82,Extreme Greed,2021-10-20
949,84,Extreme Greed,2021-10-21
950,75,Greed,2021-10-22
951,74,Greed,2021-10-23
952,73,Greed,2021-10-24
953,72,Greed,2021-10-25
954,76,Extreme Greed,2021-10-26
955,73,Greed,2021-10-27
956,66,Greed,2021-10-28
957,70,Greed,2021-10-29
958,73,Greed,2021-10-30
959,74,Greed,2021-10-31
960,74,Greed,2021-11-01
961,73,Greed,2021-11-02
962,76,Extreme Greed,2021-11-03
963,73,Greed,2021-11-04
964,73,Greed,2021-11-05
965,71,Greed,2021-11-06
966,73,Greed,2021-11-07
967,75,Greed,2021-11-08
968,84,Extreme Greed,2021-11-09
969,75,Greed,2021-11-10
970,77,Extreme Greed,2021-11-11
971,74,Greed,2021-11-12
972,72,Greed,2021-11-13
973,74,Greed,2021-11-14
974,72,Greed,2021-11-15
975,71,Greed,2021-11-16
976,52,Neutral,2021-11-17
977,54,Neutral,2021-11-18
978,34,Fear,2021-11-19
979,43,Fear,2021-11-20
980,49,Neutral,2021-11-21
981,50,Neutral,2021-11-22
982,33,Fear,2021-11-23
983,42,Fear,2021-11-24
984,32,Fear,2021-11-25
985,47,Neutral,2021-11-26
986,21,Extreme Fear,2021-11-27
987,27,Fear,2021-11-28
988,33,Fear,2021-11-29
989,40,Fear,2021-11-30
990,34,Fear,2021-12-01
991,32,Fear,2021-12-02
992,31,Fear,2021-12-03
993,25,Extreme Fear,2021-12-04
994,18,Extreme Fear,2021-12-05
995,16,Extreme Fear,2021-12-06
996,25,Extreme Fear,2021-12-07
997,28,Fear,2021-12-08
998,29,Fear,2021-12-09
999,24,Extreme Fear,2021-12-10
1000,16,Extreme Fear,2021-12-11
1001,27,Fear,2021-12-12
1002,28,Fear,2021-12-13
1003,21,Extreme Fear,2021-12-14
1004,28,Fear,2021-12-15
1005,29,Fear,2021-12-16
1006,23,Extreme Fear,2021-12-17
1007,24,Extreme Fear,2021-12-18
1008,29,Fear,2021-12-19
1009,25,Extreme Fear,2021-12-20
1010,27,Fear,2021-12-21
1011,45,Fear,2021-12-22
1012,34,Fear,2021-12-23
1013,41,Fear,2021-12-24
1014,39,Fear,2021-12-25
1015,37,Fear,2021-12-26
1016,40,Fear,2021-12-27
1017,41,Fear,2021-12-28
1018,27,Fear,2021-12-29
1019,22,Extreme Fear,2021-12-30
1020,28,Fear,2021-12-31
1021,21,Extreme Fear,2022-01-01
1022,29,Fear,2022-01-02
1023,29,Fear,2022-01-03
1024,23,Extreme Fear,2022-01-04
1025,24,Extreme Fear,2022-01-05
1026,15,Extreme Fear,2022-01-06
1027,18,Extreme Fear,2022-01-07
1028,10,Extreme Fear,2022-01-08
1029,23,Extreme Fear,2022-01-09
1030,23,Extreme Fear,2022-01-10
1031,21,Extreme Fear,2022-01-11
1032,22,Extreme Fear,2022-01-12
1033,21,Extreme Fear,2022-01-13
1034,21,Extreme Fear,2022-01-14
1035,23,Extreme Fear,2022-01-15
1036,21,Extreme Fear,2022-01-16
1037,22,Extreme Fear,2022-01-17
1038,24,Extreme Fear,2022-01-18
1039,24,Extreme Fear,2022-01-19
1040,24,Extreme Fear,2022-01-20
1041,19,Extreme Fear,2022-01-21
1042,13,Extreme Fear,2022-01-22
1043,11,Extreme Fear,2022-01-23
1044,13,Extreme Fear,2022-01-24
1045,12,Extreme Fear,2022-01-25
1046,23,Extreme Fear,2022-01-26
1047,20,Extreme Fear,2022-01-27
1048,24,Extreme Fear,2022-01-28
1049,24,Extreme Fear,2022-01-29
1050,29,Fear,2022-01-30
1051,20,Extreme Fear,2022-01-31
1052,26,Fear,2022-02-01
1053,28,Fear,2022-02-02
1054,20,Extreme Fear,2022-02-03
1055,20,Extreme Fear,2022-02-04
1056,33,Fear,2022-02-05
1057,37,Fear,2022-02-06
1058,45,Fear,2022-02-07
1059,48,Neutral,2022-02-08
1060,54,Neutral,2022-02-09
1061,50,Neutral,2022-02-10
1062,50,Neutral,2022-02-11
1063,44,Fear,2022-02-12
1064,44,Fear,2022-02-13
1065,46,Fear,2022-02-14
1066,46,Fear,2022-02-15
1067,51,Neutral,2022-02-16
1068,52,Neutral,2022-02-17
1069,30,Fear,2022-02-18
1070,25,Extreme Fear,2022-02-19
1071,27,Fear,2022-02-20
1072,25,Extreme Fear,2022-02-21
1073,20,Extreme Fear,2022-02-22
1074,25,Extreme Fear,2022-02-23
1075,23,Extreme Fear,2022-02-24
1076,27,Fear,2022-02-25
1077,26,Fear,2022-02-26
1078,26,Fear,2022-02-27
1079,20,Extreme Fear,2022-02-28
1080,51,Neutral,2022-03-01
1081,52,Neutral,2022-03-02
1082,39,Fear,2022-03-03
1083,33,Fear,2022-03-04
1084,22,Extreme Fear,2022-03-05
1085,22,Extreme Fear,2022-03-06
1086,23,Extreme Fear,2022-03-07
1087,21,Extreme Fear,2022-03-08
1088,22,Extreme Fear,2022-03-09
1089,28,Fear,2022-03-10
1090,22,Extreme Fear,2022-03-11
1091,22,Extreme Fear,2022-03-12
1092,21,Extreme Fear,2022-03-13
1093,23,Extreme Fear,2022-03-14
1094,21,Extreme Fear,2022-03-15
1095,24,Extreme Fear,2022-03-16
1096,27,Fear,2022-03-17
1097,25,Extreme Fear,2022-03-18
1098,28,Fear,2022-03-19
1099,31,Fear,2022-03-20
1100,30,Fear,2022-03-21
1101,26,Fear,2022-03-22
1102,31,Fear,2022-03-23
1103,40,Fear,2022-03-24
1104,47,Neutral,2022-03-25
1105,51,Neutral,2022-03-26
1106,49,Neutral,2022-03-27
1107,60,Greed,2022-03-28
1108,56,Greed,2022-03-29
1109,55,Greed,2022-03-30
1110,52,Neutral,2022-03-31
1111,50,Neutral,2022-04-01
1112,52,Neutral,2022-04-02
1113,48,Neutral,2022-04-03
1114,52,Neutral,2022-04-04
1115,53,Neutral,2022-04-05
1116,48,Neutral,2022-04-06
1117,34,Fear,2022-04-07
1118,37,Fear,2022-04-08
1119,30,Fear,2022-04-09
1120,34,Fear,2022-04-10
1121,32,Fear,2022-04-11
1122,20,Extreme Fear,2022-04-12
1123,25,Extreme Fear,2022-04-13
1124,28,Fear,2022-04-14
1125,22,Extreme Fear,2022-04-15
1126,28,Fear,2022-04-16
1127,28,Fear,2022-04-17
1128,24,Extreme Fear,2022-04-18
1129,27,Fear,2022-04-19
1130,27,Fear,2022-04-20
1131,27,Fear,2022-04-21
1132,26,Fear,2022-04-22
1133,24,Extreme Fear,2022-04-23
1134,24,Extreme Fear,2022-04-24
1135,23,Extreme Fear,2022-04-25
1136,27,Fear,2022-04-26
1137,21,Extreme Fear,2022-04-27
1138,24,Extreme Fear,2022-04-28
1139,23,Extreme Fear,2022-04-29
1140,20,Extreme Fear,2022-04-30
1141,22,Extreme Fear,2022-05-01
1142,28,Fear,2022-05-02
1143,27,Fear,2022-05-03
1144,21,Extreme Fear,2022-05-04
1145,27,Fear,2022-05-05
1146,22,Extreme Fear,2022-05-06
1147,23,Extreme Fear,2022-05-07
1148,18,Extreme Fear,2022-05-08
1149,11,Extreme Fear,2022-05-09
1150,10,Extreme Fear,2022-05-10
1151,12,Extreme Fear,2022-05-11
1152,12,Extreme Fear,2022-05-12
1153,10,Extreme Fear,2022-05-13
1154,9,Extreme Fear,2022-05-14
1155,10,Extreme Fear,2022-05-15
1156,14,Extreme Fear,2022-05-16
1157,8,Extreme Fear,2022-05-17
1158,12,Extreme Fear,2022-05-18
1159,13,Extreme Fear,2022-05-19
1160,13,Extreme Fear,2022-05-20
1161,13,Extreme Fear,2022-05-21
1162,14,Extreme Fear,2022-05-22
1163,10,Extreme Fear,2022-05-23
1164,12,Extreme Fear,2022-05-24
1165,11,Extreme Fear,2022-05-25
1166,12,Extreme Fear,2022-05-26
1167,12,Extreme Fear,2022-05-27
1168,13,Extreme Fear,2022-05-28
1169,14,Extreme Fear,2022-05-29
1170,10,Extreme Fear,2022-05-30
1171,16,Extreme Fear,2022-05-31
1172,17,Extreme Fear,2022-06-01
1173,13,Extreme Fear,2022-06-02
1174,10,Extreme Fear,2022-06-03
1175,14,Extreme Fear,2022-06-04
1176,10,Extreme Fear,2022-06-05
1177,13,Extreme Fear,2022-06-06
1178,15,Extreme Fear,2022-06-07
1179,17,Extreme Fear,2022-06-08
1180,11,Extreme Fear,2022-06-09
1181,13,Extreme Fear,2022-06-10
1182,12,Extreme Fear,2022-06-11
1183,14,Extreme Fear,2022-06-12
1184,11,Extreme Fear,2022-06-13
1185,8,Extreme Fear,2022-06-14
1186,7,Extreme Fear,2022-06-15
1187,7,Extreme Fear,2022-06-16
1188,9,Extreme Fear,2022-06-17
1189,6,Extreme Fear,2022-06-18
1190,6,Extreme Fear,2022-06-19
1191,9,Extreme Fear,2022-06-20
1192,9,Extreme Fear,2022-06-21
1193,11,Extreme Fear,2022-06-22
1194,11,Extreme Fear,2022-06-23
1195,11,Extreme Fear,2022-06-24
1196,14,Extreme Fear,2022-06-25
1197,14,Extreme Fear,2022-06-26
1198,12,Extreme Fear,2022-06-27
1199,10,Extreme Fear,2022-06-28
1200,13,Extreme Fear,2022-06-29
1201,11,Extreme Fear,2022-06-30
1202,11,Extreme Fear,2022-07-01
1203,14,Extreme Fear,2022-07-02
1204,11,Extreme Fear,2022-07-03
1205,14,Extreme Fear,2022-07-04
1206,19,Extreme Fear,2022-07-05
1207,18,Extreme Fear,2022-07-06
1208,18,Extreme Fear,2022-07-07
1209,20,Extreme Fear,2022-07-08
1210,24,Extreme Fear,2022-07-09
1211,24,Extreme Fear,2022-07-10
1212,22,Extreme Fear,2022-07-11
1213,16,Extreme Fear,2022-07-12
1214,15,Extreme Fear,2022-07-13
1215,18,Extreme Fear,2022-07-14
1216,15,Extreme Fear,2022-07-15
1217,21,Extreme Fear,2022-07-16
1218,24,Extreme Fear,2022-07-17
1219,20,Extreme Fear,2022-07-18
1220,30,Fear,2022-07-19
1221,31,Fear,2022-07-20
1222,34,Fear,2022-07-21
1223,33,Fear,2022-07-22
1224,31,Fear,2022-07-23
1225,30,Fear,2022-07-24
1226,30,Fear,2022-07-25
1227,26,Fear,2022-07-26
1228,28,Fear,2022-07-27
1229,32,Fear,2022-07-28
1230,39,Fear,2022-07-29
1231,42,Fear,2022-07-30
1232,39,Fear,2022-07-31
1233,33,Fear,2022-08-01
1234,31,Fear,2022-08-02
1235,34,Fear,2022-08-03
1236,30,Fear,2022-08-04
1237,31,Fear,2022-08-05
1238,31,Fear,2022-08-06
1239,30,Fear,2022-08-07
1240,30,Fear,2022-08-08
1241,42,Fear,2022-08-09
1242,31,Fear,2022-08-10
1243,41,Fear,2022-08-11
1244,42,Fear,2022-08-12
1245,46,Fear,2022-08-13
1246,47,Neutral,2022-08-14
1247,45,Fear,2022-08-15
1248,44,Fear,2022-08-16
1249,41,Fear,2022-08-17
1250,30,Fear,2022-08-18
1251,33,Fear,2022-08-19
1252,29,Fear,2022-08-20
1253,27,Fear,2022-08-21
1254,29,Fear,2022-08-22
1255,28,Fear,2022-08-23
1256,25,Extreme Fear,2022-08-24
1257,25,Extreme Fear,2022-08-25
1258,27,Fear,2022-08-26
1259,28,Fear,2022-08-27
1260,28,Fear,2022-08-28
1261,24,Extreme Fear,2022-08-29
1262,27,Fear,2022-08-30
1263,23,Extreme Fear,2022-08-31
1264,20,Extreme Fear,2022-09-01
1265,25,Extreme Fear,2022-09-02
1266,21,Extreme Fear,2022-09-03
1267,20,Extreme Fear,2022-09-04
1268,23,Extreme Fear,2022-09-05
1269,22,Extreme Fear,2022-09-06
1270,24,Extreme Fear,2022-09-07
1271,20,Extreme Fear,2022-09-08
1272,22,Extreme Fear,2022-09-09
1273,28,Fear,2022-09-10
1274,26,Fear,2022-09-11
1275,25,Extreme Fear,2022-09-12
1276,34,Fear,2022-09-13
1277,27,Fear,2022-09-14
1278,28,Fear,2022-09-15
1279,20,Extreme Fear,2022-09-16
1280,22,Extreme Fear,2022-09-17
1281,27,Fear,2022-09-18
1282,21,Extreme Fear,2022-09-19
1283,23,Extreme Fear,2022-09-20
1284,23,Extreme Fear,2022-09-21
1285,22,Extreme Fear,2022-09-22
1286,20,Extreme Fear,2022-09-23
1287,24,Extreme Fear,2022-09-24
1288,24,Extreme Fear,2022-09-25
1289,21,Extreme Fear,2022-09-26
1290,20,Extreme Fear,2022-09-27
1291,20,Extreme Fear,2022-09-28
1292,22,Extreme Fear,2022-09-29
1293,21,Extreme Fear,2022-09-30
1294,20,Extreme Fear,2022-10-01
1295,24,Extreme Fear,2022-10-02
1296,24,Extreme Fear,2022-10-03
1297,20,Extreme Fear,2022-10-04
1298,25,Extreme Fear,2022-10-05
1299,26,Fear,2022-10-06
1300,23,Extreme Fear,2022-10-07
1301,24,Extreme Fear,2022-10-08
1302,22,Extreme Fear,2022-10-09
1303,22,Extreme Fear,2022-10-10
1304,24,Extreme Fear,2022-10-11
1305,20,Extreme Fear,2022-10-12
1306,20,Extreme Fear,2022-10-13
1307,24,Extreme Fear,2022-10-14
1308,24,Extreme Fear,2022-10-15
1309,24,Extreme Fear,2022-10-16
1310,20,Extreme Fear,2022-10-17
1311,22,Extreme Fear,2022-10-18
1312,23,Extreme Fear,2022-10-19
1313,23,Extreme Fear,2022-10-20
1314,23,Extreme Fear,2022-10-21
1315,20,Extreme Fear,2022-10-22
1316,23,Extreme Fear,2022-10-23
1317,22,Extreme Fear,2022-10-24
1318,20,Extreme Fear,2022-10-25
1319,33,Fear,2022-10-26
1320,32,Fear,2022-10-27
1321,30,Fear,2022-10-28
1322,34,Fear,2022-10-29
1323,34,Fear,2022-10-30
1324,31,Fear,2022-10-31
1325,30,Fear,2022-11-01
1326,30,Fear,2022-11-02
1327,30,Fear,2022-11-03
1328,30,Fear,2022-11-04
1329,38,Fear,2022-11-05
1330,40,Fear,2022-11-06
1331,33,Fear,2022-11-07
1332,31,Fear,2022-11-08
1333,29,Fear,2022-11-09
1334,22,Extreme Fear,2022-11-10
1335,25,Extreme Fear,2022-11-11
1336,21,Extreme Fear,2022-11-12
1337,22,Extreme Fear,2022-11-13
1338,24,Extreme Fear,2022-11-14
1339,22,Extreme Fear,2022-11-15
1340,23,Extreme Fear,2022-11-16
1341,20,Extreme Fear,2022-11-17
1342,23,Extreme Fear,2022-11-18
1343,23,Extreme Fear,2022-11-19
1344,24,Extreme Fear,2022-11-20
1345,21,Extreme Fear,2022-11-21
1346,22,Extreme Fear,2022-11-22
1347,22,Extreme Fear,2022-11-23
1348,20,Extreme Fear,2022-11-24
1349,20,Extreme Fear,2022-11-25
1350,22,Extreme Fear,2022-11-26
1351,26,Fear,2022-11-27
1352,28,Fear,2022-11-28
1353,26,Fear,2022-11-29
1354,29,Fear,2022-11-30
1355,27,Fear,2022-12-01
1356,27,Fear,2022-12-02
1357,27,Fear,2022-12-03
1358,26,Fear,2022-12-04
1359,26,Fear,2022-12-05
1360,25,Extreme Fear,2022-12-06
1361,29,Fear,2022-12-07
1362,25,Extreme Fear,2022-12-08
1363,26,Fear,2022-12-09
1364,27,Fear,2022-12-10
1365,26,Fear,2022-12-11
1366,27,Fear,2022-12-12
1367,27,Fear,2022-12-13
1368,30,Fear,2022-12-14
1369,31,Fear,2022-12-15
1370,29,Fear,2022-12-16
1371,28,Fear,2022-12-17
1372,26,Fear,2022-12-18
1373,29,Fear,2022-12-19
1374,29,Fear,2022-12-20
1375,26,Fear,2022-12-21
1376,28,Fear,2022-12-22
1377,27,Fear,2022-12-23
1378,29,Fear,2022-12-24
1379,29,Fear,2022-12-25
1380,28,Fear,2022-12-26
1381,27,Fear,2022-12-27
1382,28,Fear,2022-12-28
1383,28,Fear,2022-12-29
1384,28,Fear,2022-12-30
1385,25,Extreme Fear,2022-12-31
1386,26,Fear,2023-01-01
1387,27,Fear,2023-01-02
1388,26,Fear,2023-01-03
1389,29,Fear,2023-01-04
1390,29,Fear,2023-01-05
1391,26,Fear,2023-01-06
1392,25,Extreme Fear,2023-01-07
1393,25,Extreme Fear,2023-01-08
1394,25,Extreme Fear,2023-01-09
1395,26,Fear,2023-01-10
1396,26,Fear,2023-01-11
1397,30,Fear,2023-01-12
1398,31,Fear,2023-01-13
1399,46,Fear,2023-01-14
1400,52,Neutral,2023-01-15
1401,45,Fear,2023-01-16
1402,51,Neutral,2023-01-17
1403,52,Neutral,2023-01-18
1404,45,Fear,2023-01-19
1405,51,Neutral,2023-01-20
1406,53,Neutral,2023-01-21
1407,53,Neutral,2023-01-22
1408,50,Neutral,2023-01-23
1409,52,Neutral,2023-01-24
1410,51,Neutral,2023-01-25
1411,54,Neutral,2023-01-26
1412,55,Greed,2023-01-27
1413,52,Neutral,2023-01-28
1414,55,Greed,2023-01-29
1415,61,Greed,2023-01-30
1416,51,Neutral,2023-01-31
1417,56,Greed,2023-02-01
1418,60,Greed,2023-02-02
1419,60,Greed,2023-02-03
1420,58,Greed,2023-02-04
1421,58,Greed,2023-02-05
1422,56,Greed,2023-02-06
1423,54,Neutral,2023-02-07
1424,58,Greed,2023-02-08
1425,55,Greed,2023-02-09
1426,48,Neutral,2023-02-10
1427,49,Neutral,2023-02-11
1428,50,Neutral,2023-02-12
1429,48,Neutral,2023-02-13
1430,50,Neutral,2023-02-14
1431,53,Neutral,2023-02-15
1432,62,Greed,2023-02-16
1433,61,Greed,2023-02-17
1434,60,Greed,2023-02-18
1435,60,Greed,2023-02-19
1436,58,Greed,2023-02-20
1437,60,Greed,2023-02-21
1438,59,Greed,2023-02-22
1439,56,Greed,2023-02-23
1440,53,Neutral,2023-02-24
1441,52,Neutral,2023-02-25
1442,51,Neutral,2023-02-26
1443,50,Neutral,2023-02-27
1444,53,Neutral,2023-02-28
1445,50,Neutral,2023-03-01
1446,51,Neutral,2023-03-02
1447,50,Neutral,2023-03-03
1448,50,Neutral,2023-03-04
1449,47,Neutral,2023-03-05
1450,48,Neutral,2023-03-06
1451,49,Neutral,2023-03-07
1452,50,Neutral,2023-03-08
1453,44,Fear,2023-03-09
1454,34,Fear,2023-03-10
1455,33,Fear,2023-03-11
1456,33,Fear,2023-03-12
1457,49,Neutral,2023-03-13
1458,56,Greed,2023-03-14
1459,50,Neutral,2023-03-15
1460,52,Neutral,2023-03-16
1461,51,Neutral,2023-03-17
1462,64,Greed,2023-03-18
1463,63,Greed,2023-03-19
1464,66,Greed,2023-03-20
1465,68,Greed,2023-03-21
1466,62,Greed,2023-03-22
1467,57,Greed,2023-03-23
1468,61,Greed,2023-03-24
1469,64,Greed,2023-03-25
1470,64,Greed,2023-03-26
1471,64,Greed,2023-03-27
1472,59,Greed,2023-03-28
1473,57,Greed,2023-03-29
1474,60,Greed,2023-03-30
1475,63,Greed,2023-03-31
1476,61,Greed,2023-04-01
1477,63,Greed,2023-04-02
1478,63,Greed,2023-04-03
1479,62,Greed,2023-04-04
1480,62,Greed,2023-04-05
1481,63,Greed,2023-04-06
1482,64,Greed,2023-04-07
1483,61,Greed,2023-04-08
1484,61,Greed,2023-04-09
1485,62,Greed,2023-04-10
1486,68,Greed,2023-04-11
1487,65,Greed,2023-04-12
1488,61,Greed,2023-04-13
1489,68,Greed,2023-04-14
1490,68,Greed,2023-04-15
1491,68,Greed,2023-04-16
1492,69,Greed,2023-04-17
1493,58,Greed,2023-04-18
1494,63,Greed,2023-04-19
1495,52,Neutral,2023-04-20
1496,50,Neutral,2023-04-21
1497,53,Neutral,2023-04-22
1498,56,Greed,2023-04-23
1499,53,Neutral,2023-04-24
1500,53,Neutral,2023-04-25
1501,56,Greed,2023-04-26
1502,59,Greed,2023-04-27
1503,64,Greed,2023-04-28
1504,64,Greed,2023-04-29
1505,60,Greed,2023-04-30
1506,63,Greed,2023-05-01
1507,55,Greed,2023-05-02
1508,64,Greed,2023-05-03
1509,64,Greed,2023-05-04
1510,61,Greed,2023-05-05
1511,60,Greed,2023-05-06
1512,64,Greed,2023-05-07
1513,60,Greed,2023-05-08
1514,51,Neutral,2023-05-09
1515,52,Neutral,2023-05-10
1516,52,Neutral,2023-05-11
1517,49,Neutral,2023-05-12
1518,48,Neutral,2023-05-13
1519,48,Neutral,2023-05-14
1520,50,Neutral,2023-05-15
1521,54,Neutral,2023-05-16
1522,50,Neutral,2023-05-17
1523,51,Neutral,2023-05-18
1524,48,Neutral,2023-05-19
1525,48,Neutral,2023-05-20
1526,52,Neutral,2023-05-21
1527,49,Neutral,2023-05-22
1528,50,Neutral,2023-05-23
1529,50,Neutral,2023-05-24
1530,51,Neutral,2023-05-25
1531,49,Neutral,2023-05-26
1532,48,Neutral,2023-05-27
1533,50,Neutral,2023-05-28
1534,52,Neutral,2023-05-29
1535,51,Neutral,2023-05-30
1536,51,Neutral,2023-05-31
1537,52,Neutral,2023-06-01
1538,50,Neutral,2023-06-02
1539,53,Neutral,2023-06-03
1540,52,Neutral,2023-06-04
1541,53,Neutral,2023-06-05
1542,44,Fear,2023-06-06
1543,53,Neutral,2023-06-07
1544,50,Neutral,2023-06-08
1545,50,Neutral,2023-06-09
1546,49,Neutral,2023-06-10
1547,47,Neutral,2023-06-11
1548,47,Neutral,2023-06-12
1549,45,Fear,2023-06-13
1550,46,Fear,2023-06-14
1551,41,Fear,2023-06-15
1552,47,Neutral,2023-06-16
1553,47,Neutral,2023-06-17
1554,49,Neutral,2023-06-18
1555,47,Neutral,2023-06-19
1556,49,Neutral,2023-06-20
1557,59,Greed,2023-06-21
1558,65,Greed,2023-06-22
1559,65,Greed,2023-06-23
1560,62,Greed,2023-06-24
1561,64,Greed,2023-06-25
1562,55,Greed,2023-06-26
1563,59,Greed,2023-06-27
1564,62,Greed,2023-06-28
1565,54,Neutral,2023-06-29
1566,56,Greed,2023-06-30
1567,59,Greed,2023-07-01
1568,63,Greed,2023-07-02
1569,62,Greed,2023-07-03
1570,64,Greed,2023-07-04
1571,61,Greed,2023-07-05
1572,56,Greed,2023-07-06
1573,55,Greed,2023-07-07
1574,58,Greed,2023-07-08
1575,55,Greed,2023-07-09
1576,56,Greed,2023-07-10
1577,57,Greed,2023-07-11
1578,64,Greed,2023-07-12
1579,57,Greed,2023-07-13
1580,60,Greed,2023-07-14
1581,56,Greed,2023-07-15
1582,57,Greed,2023-07-16
1583,54,Neutral,2023-07-17
1584,56,Greed,2023-07-18
1585,50,Neutral,2023-07-19
1586,56,Greed,2023-07-20
1587,50,Neutral,2023-07-21
1588,52,Neutral,2023-07-22
1589,54,Neutral,2023-07-23
1590,55,Greed,2023-07-24
1591,50,Neutral,2023-07-25
1592,51,Neutral,2023-07-26
1593,51,Neutral,2023-07-27
1594,52,Neutral,2023-07-28
1595,52,Neutral,2023-07-29
1596,52,Neutral,2023-07-30
1597,50,Neutral,2023-07-31
1598,53,Neutral,2023-08-01
1599,53,Neutral,2023-08-02
1600,52,Neutral,2023-08-03
1601,54,Neutral,2023-08-04
1602,50,Neutral,2023-08-05
1603,49,Neutral,2023-08-06
1604,49,Neutral,2023-08-07
1605,54,Neutral,2023-08-08
1606,50,Neutral,2023-08-09
1607,53,Neutral,2023-08-10
1608,51,Neutral,2023-08-11
1609,54,Neutral,2023-08-12
1610,54,Neutral,2023-08-13
1611,50,Neutral,2023-08-14
1612,53,Neutral,2023-08-15
1613,52,Neutral,2023-08-16
1614,50,Neutral,2023-08-17
1615,37,Fear,2023-08-18
1616,39,Fear,2023-08-19
1617,37,Fear,2023-08-20
1618,38,Fear,2023-08-21
1619,37,Fear,2023-08-22
1620,37,Fear,2023-08-23
1621,41,Fear,2023-08-24
1622,39,Fear,2023-08-25
1623,38,Fear,2023-08-26
1624,38,Fear,2023-08-27
1625,39,Fear,2023-08-28
1626,39,Fear,2023-08-29
1627,49,Neutral,2023-08-30
1628,52,Neutral,2023-08-31
1629,40,Fear,2023-09-01
1630,39,Fear,2023-09-02
1631,40,Fear,2023-09-03
1632,40,Fear,2023-09-04
1633,40,Fear,2023-09-05
1634,42,Fear,2023-09-06
1635,41,Fear,2023-09-07
1636,46,Fear,2023-09-08
1637,41,Fear,2023-09-09
1638,40,Fear,2023-09-10
1639,40,Fear,2023-09-11
1640,30,Fear,2023-09-12
1641,41,Fear,2023-09-13
1642,45,Fear,2023-09-14
1643,45,Fear,2023-09-15
1644,43,Fear,2023-09-16
1645,46,Fear,2023-09-17
1646,46,Fear,2023-09-18
1647,46,Fear,2023-09-19
1648,47,Neutral,2023-09-20
1649,47,Neutral,2023-09-21
1650,43,Fear,2023-09-22
1651,47,Neutral,2023-09-23
1652,44,Fear,2023-09-24
1653,47,Neutral,2023-09-25
1654,46,Fear,2023-09-26
1655,44,Fear,2023-09-27
1656,46,Fear,2023-09-28
1657,48,Neutral,2023-09-29
1658,47,Neutral,2023-09-30
1659,48,Neutral,2023-10-01
1660,50,Neutral,2023-10-02
1661,50,Neutral,2023-10-03
1662,49,Neutral,2023-10-04
1663,48,Neutral,2023-10-05
1664,50,Neutral,2023-10-06
1665,49,Neutral,2023-10-07
1666,50,Neutral,2023-10-08
1667,50,Neutral,2023-10-09
1668,50,Neutral,2023-10-10
1669,47,Neutral,2023-10-11
1670,45,Fear,2023-10-12
1671,44,Fear,2023-10-13
1672,47,Neutral,2023-10-14
1673,45,Fear,2023-10-15
1674,47,Neutral,2023-10-16
1675,52,Neutral,2023-10-17
1676,50,Neutral,2023-10-18
1677,52,Neutral,2023-10-19
1678,53,Neutral,2023-10-20
1679,63,Greed,2023-10-21
1680,53,Neutral,2023-10-22
1681,53,Neutral,2023-10-23
1682,66,Greed,2023-10-24
1683,72,Greed,2023-10-25
1684,71,Greed,2023-10-26
1685,70,Greed,2023-10-27
1686,65,Greed,2023-10-28
1687,72,Greed,2023-10-29
1688,68,Greed,2023-10-30
1689,66,Greed,2023-10-31
1690,66,Greed,2023-11-01
1691,72,Greed,2023-11-02
1692,65,Greed,2023-11-03
1693,68,Greed,2023-11-04
1694,70,Greed,2023-11-05
1695,74,Greed,2023-11-06
1696,68,Greed,2023-11-07
1697,66,Greed,2023-11-08
1698,69,Greed,2023-11-09
1699,70,Greed,2023-11-10
1700,70,Greed,2023-11-11
1701,73,Greed,2023-11-12
1702,72,Greed,2023-11-13
1703,69,Greed,2023-11-14
1704,60,Greed,2023-11-15
1705,70,Greed,2023-11-16
1706,63,Greed,2023-11-17
1707,69,Greed,2023-11-18
1708,66,Greed,2023-11-19
1709,69,Greed,2023-11-20
1710,71,Greed,2023-11-21
1711,62,Greed,2023-11-22
1712,66,Greed,2023-11-23
1713,66,Greed,2023-11-24
1714,73,Greed,2023-11-25
1715,73,Greed,2023-11-26
1716,66,Greed,2023-11-27
1717,68,Greed,2023-11-28
1718,72,Greed,2023-11-29
1719,74,Greed,2023-11-30
1720,71,Greed,2023-12-01
1721,74,Greed,2023-12-02
1722,73,Greed,2023-12-03
1723,74,Greed,2023-12-04
1724,75,Greed,2023-12-05
1725,72,Greed,2023-12-06
1726,72,Greed,2023-12-07
1727,72,Greed,2023-12-08
1728,73,Greed,2023-12-09
1729,74,Greed,2023-12-10
1730,74,Greed,2023-12-11
1731,67,Greed,2023-12-12
1732,65,Greed,2023-12-13
1733,72,Greed,2023-12-14
1734,70,Greed,2023-12-15
1735,67,Greed,2023-12-16
1736,73,Greed,2023-12-17
1737,65,Greed,2023-12-18
1738,73,Greed,2023-12-19
1739,74,Greed,2023-12-20
1740,70,Greed,2023-12-21
1741,74,Greed,2023-12-22
1742,70,Greed,2023-12-23
1743,71,Greed,2023-12-24
1744,73,Greed,2023-12-25
1745,71,Greed,2023-12-26
1746,73,Greed,2023-12-27
1747,73,Greed,2023-12-28
1748,65,Greed,2023-12-29
1749,68,Greed,2023-12-30
1750,67,Greed,2023-12-31
1751,65,Greed,2024-01-01
1752,71,Greed,2024-01-02
1753,70,Greed,2024-01-03
1754,68,Greed,2024-01-04
1755,72,Greed,2024-01-05
1756,70,Greed,2024-01-06
1757,71,Greed,2024-01-07
1758,71,Greed,2024-01-08
1759,76,Extreme Greed,2024-01-09
1760,73,Greed,2024-01-10
1761,76,Extreme Greed,2024-01-11
1762,71,Greed,2024-01-12
1763,64,Greed,2024-01-13
1764,60,Greed,2024-01-14
1765,52,Neutral,2024-01-15
1766,64,Greed,2024-01-16
1767,60,Greed,2024-01-17
1768,63,Greed,2024-01-18
1769,51,Neutral,2024-01-19
1770,52,Neutral,2024-01-20
1771,56,Greed,2024-01-21
1772,55,Greed,2024-01-22
1773,50,Neutral,2024-01-23
1774,48,Neutral,2024-01-24
1775,52,Neutral,2024-01-25
1776,49,Neutral,2024-01-26
1777,55,Greed,2024-01-27
1778,54,Neutral,2024-01-28
1779,55,Greed,2024-01-29
1780,61,Greed,2024-01-30
1781,60,Greed,2024-01-31
1782,63,Greed,2024-02-01
1783,63,Greed,2024-02-02
1784,60,Greed,2024-02-03
1785,60,Greed,2024-02-04
1786,60,Greed,2024-02-05
1787,64,Greed,2024-02-06
1788,62,Greed,2024-02-07
1789,66,Greed,2024-02-08
1790,72,Greed,2024-02-09
1791,74,Greed,2024-02-10
1792,71,Greed,2024-02-11
1793,70,Greed,2024-02-12
1794,79,Extreme Greed,2024-02-13
1795,74,Greed,2024-02-14
1796,72,Greed,2024-02-15
1797,72,Greed,2024-02-16
1798,76,Extreme Greed,2024-02-17
1799,72,Greed,2024-02-18
1800,75,Greed,2024-02-19
1801,72,Greed,2024-02-20
1802,78,Extreme Greed,2024-02-21
1803,74,Greed,2024-02-22
1804,76,Extreme Greed,2024-02-23
1805,72,Greed,2024-02-24
1806,74,Greed,2024-02-25
1807,72,Greed,2024-02-26
1808,79,Extreme Greed,2024-02-27
1809,82,Extreme Greed,2024-02-28
1810,80,Extreme Greed,2024-02-29
1811,80,Extreme Greed,2024-03-01
1812,80,Extreme Greed,2024-03-02
1813,83,Extreme Greed,2024-03-03
1814,82,Extreme Greed,2024-03-04
1815,90,Extreme Greed,2024-03-05
1816,75,Greed,2024-03-06
1817,82,Extreme Greed,2024-03-07
1818,81,Extreme Greed,2024-03-08
1819,84,Extreme Greed,2024-03-09
1820,79,Extreme Greed,2024-03-10
1821,82,Extreme Greed,2024-03-11
1822,81,Extreme Greed,2024-03-12
1823,81,Extreme Greed,2024-03-13
1824,88,Extreme Greed,2024-03-14
1825,83,Extreme Greed,2024-03-15
1826,81,Extreme Greed,2024-03-16
1827,79,Extreme Greed,2024-03-17
